GPS_TOW,time,高度,攻角,法向加速度,空速,滚转角,俯仰角
0.0,0.0199999995529651,0.0,0.0328830704092979,0.0,-6.233610153198242,0.0,0.0
0.0,0.6000000238418579,0.0,0.0324746631085872,0.0,-6.233610153198242,0.0,0.0
0.0,1.1799999475479126,0.0,0.0414437390863895,0.0,-6.233610153198242,0.0,0.0
0.0,1.7599999904632568,0.0,0.0381136573851108,0.0,-6.3966217041015625,0.0,0.0
0.0,2.3399999141693115,0.0,0.0286781843751668,0.0,-6.305446147918701,0.0,0.0
0.0,2.9200000762939453,0.0,0.0327888205647468,0.0,-6.233610153198242,0.0,0.0
0.0,3.5,0.0,0.0381450727581977,0.0,-6.233610153198242,0.0,0.0
0.0,4.079999923706055,0.0,0.0605767481029033,0.0,-1.3891931772232056,0.0,0.0
0.0,4.659999847412109,0.0,0.0754624009132385,0.0,-1.720216989517212,0.0,0.0
0.0,5.239999771118164,0.0,0.0757137313485145,0.0,-0.3586889207363128,0.0,0.0
0.0,5.820000171661377,0.0,0.0702036395668983,0.0,-0.0,0.0,0.0
0.0,6.400000095367432,0.0,0.0757294371724128,0.0,-1.014524221420288,0.0,0.0
0.0,6.980000019073486,0.0,0.0664039403200149,0.0,-1.014524221420288,0.0,0.0
0.0,7.559999942779541,0.0,0.0753524452447891,0.0,-1.0760680437088013,0.0,0.0
0.0,8.140000343322754,0.0,0.0756351947784423,0.0,-1.014524221420288,0.0,0.0
0.0,8.720000267028809,0.0,0.0663253962993621,0.0,-1.434752345085144,0.0,0.0
0.0,9.300000190734863,0.0,0.0758551061153411,0.0,-1.3420934677124023,0.0,0.0
0.0,9.880000114440918,0.0,0.0757294371724128,0.0,-1.6823948621749878,0.0,0.0
0.0,10.460000038146973,0.0,0.0757294371724128,0.0,-0.9490025043487548,0.0,0.0
0.0,11.039999961853027,0.0,0.0665138959884643,0.0,-0.9490025043487548,0.0,0.0
0.0,11.619999885559082,0.0,0.0666709765791893,0.0,-1.3420934677124023,0.0,0.0
0.0,12.199999809265137,0.0,0.0755880698561668,0.0,-0.9490006566047668,0.0,0.0
0.0,12.779999732971191,0.0,0.0754781141877174,0.0,-1.0760680437088013,0.0,0.0
0.0,13.359999656677246,0.0,0.0803452730178833,0.0,-0.0,0.0,0.0
0.0,13.9399995803833,0.0,0.0664824768900871,0.0,-1.3420934677124023,0.0,0.0
0.0,14.520000457763672,0.0,0.0576848834753036,0.0,-1.3420934677124023,0.0,0.0
0.0,15.100000381469728,0.0,0.0669851303100586,0.0,-0.0,0.0,0.0
0.0,15.68000030517578,0.0,0.0696538612246513,0.0,-1.4347586631774902,0.0,0.0
0.0,16.260000228881836,0.0,0.0566324479877948,0.0,-0.9490025043487548,0.0,0.0
0.0,16.84000015258789,0.0,0.0707691237330436,0.0,-0.0,0.0,0.0
0.0,17.420000076293945,0.0,0.0687899217009544,0.0,-0.0,0.0,0.0
0.0,18.0,0.0,0.0681161060929298,0.0,-0.9490025043487548,0.0,0.0
0.0,18.57999992370605,0.0,0.0588488727807998,0.0,-1.4347586631774902,0.0,0.0
225915.21875,19.15999984741211,254.71034240722656,0.0745199248194694,0.0,-0.9490025043487548,0.0,0.0
225915.21875,19.739999771118164,254.71034240722656,0.0652101337909698,0.0,-0.9490025043487548,0.0,0.0
225916.21875,20.31999969482422,255.48043823242188,0.0599484294652938,0.0,-1.014524221420288,0.0,0.0
225916.21875,20.899999618530277,255.48043823242188,0.0648645609617233,0.0,-1.014524221420288,0.0,0.0
225917.21875,21.479999542236328,255.9037933349609,0.0777534544467926,0.0,-1.0760680437088013,0.0,0.0
225918.0,22.059999465942383,256.180419921875,0.0665453076362609,3.695865189001779e-06,-1.3420934677124023,-0.0051248958334326,0.1403881758451461
225918.0,22.63999938964844,256.180419921875,0.0659484043717384,3.695865189001779e-06,-1.3420934677124023,-0.0194567386060953,0.1451753079891204
225919.0,23.21999931335449,256.39111328125,0.0607338286936283,-0.0222662109881639,-1.014524221420288,0.0062188184820115,0.1539475470781326
225920.0,23.799999237060547,256.5312805175781,0.0606709979474544,-0.0335460677742958,-0.3586889207363128,0.0064538829028606,0.1453153789043426
225920.0,24.3799991607666,256.5312805175781,0.0580932907760143,-0.0335460677742958,-0.9490025043487548,-0.0061182542704045,0.1476770490407943
225921.0,24.959999084472656,256.62872314453125,0.0695439055562019,-0.0395479761064052,-0.9490025043487548,-0.0034912582486867,0.1561913639307022
225921.0,25.540000915527344,256.62872314453125,0.0617548450827598,-0.0395479761064052,-0.0,-0.0151720587164163,0.1565815657377243
225922.0,26.1200008392334,256.6831970214844,0.0656813755631446,-0.0436926074326038,-1.3420934677124023,-0.0166166108101606,0.1499711275100708
225922.0,26.700000762939453,256.6831970214844,0.0782270058989524,-0.0436926074326038,-0.9490025043487548,-0.0288446713238954,0.1527717262506485
225923.0,27.280000686645508,256.7005310058594,0.0766876265406608,-0.0502572357654571,-1.720216989517212,-0.0339827686548233,0.1557108908891677
225924.0,27.86000061035156,256.7371826171875,0.0668594688177108,-0.058884672820568,-1.014524221420288,-0.0235930625349283,0.1526619642972946
225924.0,28.440000534057617,256.7371826171875,0.0702664703130722,-0.058884672820568,-1.3420934677124023,-0.0334820486605167,0.1547713428735733
225925.0,29.020000457763672,256.76763916015625,0.0661997348070144,-0.0643592029809951,-0.9490025043487548,-0.0267655625939369,0.1537939608097076
225925.0,29.600000381469727,256.76763916015625,0.0832022428512573,-0.0643592029809951,-1.4347586631774902,-0.0358947589993476,0.1559646725654602
225926.0,30.18000030517578,256.7577514648437,0.0611422359943389,-0.0691494941711425,-1.3420934677124023,-0.0247408729046583,0.1548075228929519
225926.0,30.76000022888184,256.7577514648437,0.0701722204685211,-0.0691494941711425,-0.0,-0.0325238592922687,0.1566984504461288
225927.0,31.34000015258789,256.700439453125,0.071287490427494,-0.0734406188130378,-0.8786054849624634,-0.0219228081405162,0.1555821299552917
225928.0,31.920000076293945,256.60675048828125,0.0710675716400146,-0.0762484967708587,-1.014524221420288,-0.0135291069746017,0.1519132107496261
225928.0,32.5,256.60675048828125,0.0759650617837905,-0.0762484967708587,-1.720216989517212,-0.0190424900501966,0.1534235924482345
225929.0,33.08000183105469,256.53887939453125,0.0610322803258895,-0.078556403517723,-1.3420934677124023,-0.0129621736705303,0.1507550179958343
225929.0,33.65999984741211,256.53887939453125,0.060561042279005,-0.078556403517723,-0.0,-0.0177447777241468,0.1512527763843536
225930.0,34.2400016784668,256.5015869140625,0.0608909092843532,-0.0805299654603004,-1.434752345085144,-0.0074131246656179,0.1489523500204086
225931.0,34.81999969482422,256.45709228515625,0.0702193453907966,-0.0819517374038696,-0.0,-0.0021677478216588,0.1496741622686386
225931.0,35.400001525878906,256.45709228515625,0.0663411095738411,-0.0819517374038696,-1.4347586631774902,-0.0056848656386137,0.1504349559545517
225932.0,35.97999954223633,256.4149169921875,0.0610794052481651,-0.0822435468435287,-0.0,6.178819603519514e-05,0.1452881693840026
225932.0,36.560001373291016,256.4149169921875,0.0705806314945221,-0.0822435468435287,-1.3420934677124023,-0.0021078309509903,0.1461444497108459
225933.0,37.13999938964844,256.3754577636719,0.0596342720091342,-0.0824397876858711,-0.8786054849624634,0.0039987540803849,0.1487540304660797
225933.0,37.720001220703125,256.3754577636719,0.0596342720091342,-0.0824397876858711,-0.878603994846344,0.0018463344313204,0.1503730118274688
225934.0,38.29999923706055,256.4185791015625,0.0601997599005699,-0.0819756388664245,-1.014524221420288,0.005005104932934,0.1506901383399963
225935.0,38.880001068115234,256.5978698730469,0.0704235509037971,-0.0817324668169021,-1.3420934677124023,0.0076608061790466,0.1485810428857803
225935.0,39.459999084472656,256.5978698730469,0.0697323977947235,-0.0817324668169021,-0.9490025043487548,0.0063997614197432,0.1488704681396484
225936.0,40.040000915527344,256.6203308105469,0.0542569421231746,-0.0818127319216728,-1.434752345085144,0.008699401281774,0.1500209122896194
225936.0,40.619998931884766,256.6203308105469,0.0662154406309127,-0.0818127319216728,-1.389198899269104,0.0053535983897745,0.1525057405233383
225937.0,41.20000076293945,256.6217041015625,0.075116828083992,-0.0814719870686531,-1.0145264863967896,0.0076501918956637,0.151139810681343
225938.0,41.77999877929688,256.6235046386719,0.049484834074974,-0.078727900981903,-0.3586888313293457,-0.0015375177608802,0.1500440388917923
225938.0,42.36000061035156,256.6235046386719,0.0695910304784774,-0.078727900981903,-0.3586888313293457,0.0061533036641776,0.1441809982061386
225939.0,42.93999862670898,256.6263427734375,0.0706434622406959,-0.0798463895916938,-1.014524221420288,0.0124408649280667,0.1431686133146286
225939.0,43.52000045776367,256.6263427734375,0.0761378481984138,-0.0798463895916938,-1.6824051141738892,0.0101261101663112,0.1398748159408569
225940.0,44.09999847412109,256.6264343261719,0.0565083883702755,-0.0798322930932045,-1.014524221420288,0.0129767907783389,0.1397463828325271
225940.0,44.68000030517578,256.6264343261719,0.0754658058285713,-0.0798322930932045,-0.8786054849624634,0.0164860263466835,0.1432069838047027
225941.0,45.2599983215332,256.6392822265625,0.0621004216372966,-0.0798325911164283,-1.2425367832183838,0.0183770805597305,0.1441453248262405
225942.0,45.84000015258789,256.644287109375,0.058911707252264,-0.0794161856174469,-1.434752345085144,0.0191663838922977,0.1424213796854019
225942.0,46.41999816894531,256.644287109375,0.0653515085577964,-0.0794161856174469,-2.5865609645843506,0.017115818336606,0.1439456194639206
225943.0,47.0,256.633544921875,0.0592572800815105,-0.0794471055269241,-1.3420934677124023,0.0199131779372692,0.1446660459041595
225943.0,47.58000183105469,256.633544921875,0.0750068724155426,-0.0794471055269241,-0.3586888313293457,0.0194208994507789,0.1447665989398956
225944.0,48.15999984741211,256.60968017578125,0.0701722204685211,-0.0793488100171089,-1.014524221420288,0.0210384018719196,0.1429347842931747
225944.0,48.7400016784668,256.60968017578125,0.0670636743307113,-0.0793488100171089,-1.014524221420288,0.0217783898115158,0.1431920528411865
225945.0,49.31999969482422,256.5910949707031,0.0842232629656791,-0.0791487693786621,-1.0145264863967896,0.0226290691643953,0.1436577290296554
225946.0,49.900001525878906,256.5999755859375,0.0703764259815216,-0.07689069211483,-0.8786054849624634,0.024400720372796,0.1452510505914688
225946.0,50.47999954223633,256.5999755859375,0.0774416103959083,-0.07689069211483,-1.2932734489440918,0.0232456773519516,0.1458101272583007
225947.0,51.060001373291016,256.5889892578125,0.0581836439669132,-0.0772450268268585,-1.434752345085144,0.1291801184415817,0.2885990440845489
225947.0,51.63999938964844,256.5889892578125,0.0774309262633323,-0.0772450268268585,-1.0145264863967896,0.1895893216133117,0.3209997713565826
225948.0,52.220001220703125,256.7973022460937,0.1044394150376319,-0.0766284316778183,-0.8786054849624634,0.2441082000732422,0.2992318272590637
225949.0,52.79999923706055,257.6527709960937,0.0855154991149902,-0.0711174830794334,-0.3586888313293457,-0.0137071497738361,0.0685003027319908
225949.0,53.380001068115234,257.6527709960937,0.0372802391648292,-0.0711174830794334,-1.434752345085144,0.1517352610826492,0.0704137831926345
225950.0,53.959999084472656,258.34844970703125,0.0958984643220901,-0.0684343129396438,-1.014524221420288,0.1754318326711654,0.1297506988048553
225950.0,54.540000915527344,258.34844970703125,0.0839481055736541,-0.0684343129396438,-1.389198899269104,0.1512877941131591,0.0849242508411407
225951.0,55.119998931884766,258.56939697265625,0.0828187614679336,-0.0738780796527862,-1.6824051141738892,-0.0994952693581581,0.1390506327152252
225951.0,55.70000076293945,258.56939697265625,0.0646132305264473,-0.0738780796527862,-1.014524221420288,-0.0430718399584293,0.2102342993021011
225952.0,56.27999877929688,258.80841064453125,0.0924070253968238,-0.0765590816736221,-1.997086524963379,0.1133551821112632,0.374776691198349
225953.0,56.86000061035156,259.1644897460937,0.1014276668429374,-0.0445409677922725,-1.434752345085144,0.064235582947731,0.3298655152320862
225953.0,57.43999862670898,259.1644897460937,0.066089779138565,-0.0445409677922725,-1.389198899269104,0.1323421597480774,0.2066662311553955
225954.0,58.02000045776367,259.6414489746094,0.0886372029781341,-0.0106876334175467,-1.2932734489440918,0.0848847031593322,0.1765019297599792
225954.0,58.59999847412109,259.6414489746094,0.0449944511055946,-0.0106876334175467,-0.8786054849624634,0.1158695295453071,0.151754230260849
225955.0,59.18000030517578,260.1283264160156,0.0258311759680509,-0.0020455415360629,-1.6041098833084106,0.047686394304037,-0.0650075674057006
225955.0,59.7599983215332,260.1283264160156,0.0504037365317344,-0.0020455415360629,-0.9490025043487548,0.0255252346396446,-0.0610415711998939
225956.0,60.34000015258789,260.4963073730469,0.0898071750998497,-0.0093450481072068,-1.6824051141738892,0.0307008419185876,0.1965878307819366
225957.0,60.91999816894531,260.5470275878906,0.0652415454387664,-0.0200040880590677,-1.0760653018951416,-0.3505067825317383,0.2102317214012146
225957.0,61.5,260.5470275878906,0.0214948710054159,-0.0200040880590677,-0.3586888313293457,0.0732059702277183,0.1791797280311584
225958.0,62.08000183105469,260.7559814453125,0.0710523575544357,-0.015903377905488,-0.8020532727241516,0.216566264629364,0.0807993486523628
225958.0,62.65999984741211,260.7559814453125,0.0868231579661369,-0.015903377905488,-1.643723726272583,0.0553566068410873,0.0662181302905082
225959.0,63.2400016784668,260.7054443359375,0.0688386708498001,-0.0285415854305028,-2.0915074348449707,-0.0018119785236194,0.0031774966046214
225960.0,63.81999969482422,260.63970947265625,0.0939326584339141,-0.0262722931802272,-1.014524221420288,0.0215224865823984,0.1504638642072677
225960.0,64.4000015258789,260.63970947265625,0.058894395828247,-0.0262722931802272,-0.5072625279426575,0.0213599186390638,0.2080975174903869
225961.0,64.9800033569336,260.74755859375,0.056398432701826,-0.0251986030489206,-1.478908658027649,0.112402431666851,0.2712863087654114
225961.0,65.55999755859375,260.74755859375,0.0739756450057029,-0.0251986030489206,-0.9490025043487548,0.1888575702905655,0.1787720322608947
225962.0,66.13999938964844,260.8465881347656,0.0396373309195041,-0.0268396418541669,-1.014524221420288,0.0723217576742172,0.1891788095235824
225962.0,66.72000122070312,260.8465881347656,0.0620223246514797,-0.0268396418541669,-1.997086524963379,0.0036915154196321,0.2053038328886032
225963.0,67.30000305175781,260.77960205078125,0.0143748931586742,-0.024751977995038,-1.478908658027649,0.0144365523010492,0.2203118354082107
225964.0,67.87999725341797,260.7888488769531,0.0294105689972639,-0.0251865051686763,-1.014524221420288,-0.0340342074632644,0.1920402348041534
225964.0,68.45999908447266,260.7888488769531,0.038418561220169,-0.0251865051686763,-1.6824051141738892,-0.0339104086160659,0.1973327249288559
225965.0,69.04000091552734,260.854736328125,0.0722158849239349,-0.0235320311039686,-1.6041098833084106,0.0133618703112006,0.0679145827889442
225965.0,69.62000274658203,260.854736328125,0.0550616532564163,-0.0235320311039686,-0.8786054849624634,0.0213052202016115,0.1001029834151268
225966.0,70.19999694824219,260.8177795410156,0.0401390865445137,-0.0231578238308429,-0.8020532727241516,-0.0339519903063774,0.1109839528799057
225967.0,70.77999877929688,260.7698974609375,0.0727499574422836,-0.0239457730203866,-1.6041098833084106,-0.006395217962563,0.1151519194245338
225967.0,71.36000061035156,260.7698974609375,0.0781063735485076,-0.0239457730203866,-1.6824051141738892,-0.0162989757955074,0.1626220792531967
225968.0,71.94000244140625,260.7228698730469,0.06426602602005,-0.0228642784059047,-0.5072625279426575,-0.0213017035275697,0.2152422815561294
225968.0,72.5199966430664,260.7228698730469,0.0972440689802169,-0.0228642784059047,-1.0760653018951416,-0.051570788025856,0.1669979095458984
225969.0,73.0999984741211,260.6343994140625,0.0493377484381198,-0.0225800666958093,-3.383822202682495,-0.0795580372214317,0.1342812329530716
225969.0,73.68000030517578,260.6343994140625,0.0037842295132577,-0.0225800666958093,-4.551149845123291,-0.0180308874696493,0.2497980594635009
225970.0,74.26000213623047,259.93804931640625,0.1865965873003006,-0.1335757821798324,6.757882595062256,0.1137140393257141,0.3333253562450409
225971.0,74.83999633789062,260.5860900878906,0.3579335212707519,-0.1530048102140426,8.487466812133789,-0.1748596578836441,0.6010178923606873
225971.0,75.41999816894531,260.5860900878906,0.3571359515190124,-0.1530048102140426,9.276637077331545,-0.2865282893180847,0.6004155278205872
225972.0,76.0,261.9521179199219,0.2810439765453338,-0.1451826393604278,10.363602638244627,-0.3128503262996673,0.7021030783653259
225972.0,76.58000183105469,261.9521179199219,0.2277686297893524,-0.1451826393604278,10.52978515625,-0.2069594115018844,0.8370338082313538
225973.0,77.16000366210938,265.4715576171875,0.2192922681570053,-0.1393724381923675,10.363602638244627,-0.1052841320633888,0.8243487477302551
225973.0,77.73999786376953,265.4715576171875,0.2189340740442276,-0.1393724381923675,9.958605766296388,-0.1468134522438049,0.8327334523200989
225974.0,78.31999969482422,270.2077941894531,0.2638556063175201,-0.1482427716255188,10.4992094039917,0.1047489270567894,0.7682141065597534
225975.0,78.9000015258789,274.7183837890625,0.2069627493619918,-0.1675398647785186,10.584598541259766,0.0185249224305152,0.7094588875770569
225975.0,79.4800033569336,274.7183837890625,0.1991741508245468,-0.1675398647785186,9.749795913696287,-0.0645885095000267,0.688331127166748
225976.0,80.05999755859375,279.03961181640625,0.1894426941871643,-0.1788681894540786,10.182085990905762,-0.0997936427593231,0.5523651242256165
225976.0,80.63999938964844,279.03961181640625,0.1819687336683273,-0.1788681894540786,10.807021141052246,-0.1662656813859939,0.5533344149589539
225977.0,81.22000122070312,282.6029968261719,0.1935876160860061,-0.1897029131650924,11.834940910339355,-0.143652468919754,0.5157931447029114
225978.0,81.80000305175781,285.92437744140625,0.1788579672574997,-0.1986076980829239,11.709333419799805,-0.162762776017189,0.6082829833030701
225978.0,82.37999725341797,285.92437744140625,0.1654029339551925,-0.1986076980829239,11.4539794921875,-0.1996847093105316,0.678987443447113
225979.0,82.95999908447266,290.5228271484375,0.1743116527795791,-0.1984577924013137,10.919476509094238,-0.0527901910245418,0.6185091137886047
225979.0,83.54000091552734,290.5228271484375,0.1866328716278076,-0.1984577924013137,11.470807075500488,0.0094095394015312,0.6566205024719238
225980.0,84.12000274658203,295.1708374023437,0.1554479002952575,-0.2004571110010147,11.515558242797852,0.0755948722362518,0.637668251991272
225980.0,84.69999694824219,295.1708374023437,0.1518557667732238,-0.2004571110010147,11.587910652160645,0.0255570281296968,0.5888333320617676
225981.0,85.27999877929688,299.80731201171875,0.1197268888354301,-0.2007141858339309,11.698347091674805,-0.1970036774873733,0.5102034211158752
225982.0,85.86000061035156,303.33160400390625,0.0726885199546814,-0.2069278061389923,13.122825622558594,-0.6735901832580566,0.5354090332984924
225982.0,86.44000244140625,303.33160400390625,0.110491394996643,-0.2069278061389923,12.61328125,-1.0252124071121216,0.5292717218399048
225983.0,87.0199966430664,306.4068908691406,0.1260340213775634,-0.2082521170377731,12.633651733398438,-1.187577247619629,0.4418154954910278
225983.0,87.5999984741211,306.4068908691406,0.1177425235509872,-0.2082521170377731,12.984945297241213,-1.2018792629241943,0.2693472504615783
225984.0,88.18000030517578,308.7460632324219,0.0785487815737724,-0.1785471737384796,13.166837692260742,-1.0778752565383911,0.1006738394498825
225985.0,88.76000213623047,308.7571716308594,0.0947479233145713,-0.1584586501121521,14.249960899353027,-0.9592556357383728,-0.0311835519969463
225985.0,89.33999633789062,308.7571716308594,0.0977259576320648,-0.1584586501121521,15.28571319580078,-0.5713310241699219,-0.0968538895249366
225986.0,89.91999816894531,306.4007263183594,0.0802158415317535,-0.1687599420547485,15.96833324432373,-0.3036853671073913,-0.0762128457427024
225986.0,90.5,306.4007263183594,0.0588960349559783,-0.1687599420547485,16.765289306640625,-0.1319572329521179,-0.05789515376091
225987.0,91.08000183105467,304.6490173339844,0.0882400572299957,-0.1682715862989425,17.31946563720703,0.1762237846851349,-0.0709095299243927
225987.0,91.66000366210938,304.6490173339844,0.1006867438554763,-0.1682715862989425,18.268951416015625,0.2574678659439087,-0.0201604217290878
225988.0,92.23999786376952,302.0486755371094,0.0877023190259933,-0.1819568872451782,18.49608421325684,0.2814310491085052,0.0507964417338371
225989.0,92.81999969482422,300.7767944335937,0.0706402957439422,-0.181509330868721,18.49608421325684,0.1998760998249054,0.0955791100859642
225989.0,93.4000015258789,300.7767944335937,0.0724353268742561,-0.181509330868721,18.23023223876953,0.165525272488594,0.1136383339762687
225990.0,93.9800033569336,301.4555053710937,0.0854548066854476,-0.1731767803430557,18.11712455749512,0.0088999774307012,0.2088896781206131
225990.0,94.55999755859376,301.4555053710937,0.0850727334618568,-0.1731767803430557,17.30462074279785,-0.0593209005892276,0.3182036876678467
225991.0,95.13999938964844,303.9676818847656,0.0892912968993187,-0.1711821407079696,16.568683624267578,0.0515647456049919,0.3148514926433563
225991.0,95.72000122070312,303.9676818847656,0.0811597183346748,-0.1711821407079696,15.498640060424805,0.0504915565252304,0.3270947933197021
225992.0,96.3000030517578,307.6461181640625,0.0727316588163375,-0.1683023422956466,15.634868621826172,-0.0941613838076591,0.2351399660110473
225993.0,96.87999725341795,310.177490234375,0.1008825600147247,-0.1692039221525192,15.382104873657228,-0.0121399201452732,0.2227583676576614
225993.0,97.45999908447266,310.177490234375,0.1140544861555099,-0.1692039221525192,15.618419647216797,0.1013439819216728,0.2230262011289596
225994.0,98.04000091552734,311.7313842773437,0.098461665213108,-0.1737127006053924,15.323503494262695,0.1224747747182846,0.2615883946418762
225994.0,98.62000274658205,311.7313842773437,0.1285667419433593,-0.1737127006053924,15.10810375213623,0.3290487229824066,0.2799168229103088
225995.0,99.1999969482422,313.6863708496094,0.1516096740961074,-0.1726799458265304,14.281497955322266,0.6491836309432983,0.3666833341121673
225996.0,99.77999877929688,316.610595703125,0.1329639852046966,-0.1715068817138672,13.51852035522461,0.8001599311828613,0.3932062089443207
225996.0,100.36000061035156,316.610595703125,0.1628526449203491,-0.1715068817138672,12.480066299438477,0.8998013138771057,0.3713612258434295
225997.0,100.94000244140624,320.3036193847656,0.1697244495153427,-0.1585139036178589,12.340202331542969,1.0634368658065796,0.2763213813304901
225997.0,101.5199966430664,320.3036193847656,0.1657580137252807,-0.1585139036178589,12.371419906616213,1.07483172416687,0.1055635958909988
225998.0,102.0999984741211,322.1406555175781,0.1618302762508392,-0.1491736471652984,13.408713340759276,0.9290227890014648,-0.0152274528518319
225998.0,102.68000030517578,322.1406555175781,0.1295113861560821,-0.1491736471652984,14.672178268432615,0.7843441963195801,-0.0652724653482437
225999.0,103.26000213623048,320.9704895019531,0.1307418495416641,-0.1527208685874939,15.737284660339355,0.6520301103591919,-0.0316485054790973
226000.0,103.83999633789062,319.2759704589844,0.1035699024796485,-0.150991603732109,15.76584243774414,0.5914515852928162,0.0249342657625675
226000.0,104.41999816894533,319.2759704589844,0.0690912529826164,-0.150991603732109,15.667715072631836,0.1322816759347915,0.0622001066803932
226001.0,105.0,319.3189392089844,0.0676843151450157,-0.1479019522666931,15.515216827392578,-0.0081782164052128,0.1272495985031128
226001.0,105.58000183105467,319.3189392089844,0.1004039570689201,-0.1479019522666931,15.201395988464355,-0.0324896536767482,0.1148910745978355
226002.0,106.16000366210938,320.347412109375,0.0996530279517173,-0.1415565758943557,15.07403564453125,-0.0183974560350179,0.1104344725608825
226002.0,106.73999786376952,320.347412109375,0.1207182630896568,-0.1415565758943557,14.949886322021484,0.1578957438468933,0.1002748534083366
226003.0,107.31999969482422,321.1867980957031,0.1579289138317108,-0.1414913535118103,14.750813484191896,0.3941102027893066,0.0845148786902427
226004.0,107.9000015258789,321.6120910644531,0.1467999815940857,-0.1398815661668777,15.082559585571287,0.591761589050293,0.0593573115766048
226004.0,108.4800033569336,321.6120910644531,0.1564684212207794,-0.1398815661668777,15.243613243103027,0.6999419331550598,0.033908411860466
226005.0,109.05999755859376,320.6670227050781,0.1442480087280273,-0.1448883414268493,15.352832794189451,0.7247366905212402,0.0222325194627046
226005.0,109.63999938964844,320.6670227050781,0.1347339749336242,-0.1448883414268493,15.256255149841309,0.6600712537765503,0.0361411981284618
226006.0,110.22000122070312,319.3273010253906,0.1118437945842742,-0.1481585353612899,15.243613243103027,0.4983459115028381,0.0859020501375198
226007.0,110.8000030517578,318.8321533203125,0.0876541435718536,-0.1472929269075393,15.031341552734377,0.2577320635318756,0.1326403319835662
226007.0,111.37999725341795,318.8321533203125,0.0641738325357437,-0.1472929269075393,15.014229774475098,-0.0104687381535768,0.1383610963821411
226008.0,111.95999908447266,318.9216613769531,0.0472687557339668,-0.1430991888046264,14.89389705657959,-0.2760455906391144,0.1247262880206108
226008.0,112.54000091552734,318.9216613769531,0.0421442314982414,-0.1430991888046264,15.137849807739258,-0.5046639442443848,0.0957866758108139
226009.0,113.12000274658205,318.0539245605469,0.0622997768223285,-0.1437169313430786,15.606071472167969,-0.6647700667381287,0.0639206245541572
226009.0,113.6999969482422,318.0539245605469,0.0712248831987381,-0.1437169313430786,15.928041458129885,-0.744523286819458,0.0366963148117065
226010.0,114.27999877929688,315.4545593261719,0.0985172241926193,-0.1500063091516494,16.29890251159668,-0.7281522154808044,0.0306203719228506
226011.0,114.86000061035156,312.1182861328125,0.1076423451304435,-0.1569926887750625,16.734601974487305,-0.6173122525215149,0.0420906096696853
226011.0,115.44000244140624,312.1182861328125,0.1165946573019027,-0.1569926887750625,16.807392120361328,-0.4497333467006683,0.0997359827160835
226012.0,116.0199966430664,310.05572509765625,0.1222091168165206,-0.1560330986976623,16.428482055664062,-0.2055136114358902,0.1279699206352234
226012.0,116.5999984741211,310.05572509765625,0.1278885751962661,-0.1560330986976623,16.07261848449707,0.0695448592305183,0.1413054019212722
226013.0,117.18000030517578,309.7373046875,0.12651227414608,-0.1494776457548141,15.753609657287598,0.3268789052963257,0.1243757084012031
226014.0,117.76000213623048,309.43389892578125,0.1349147856235504,-0.1462861746549606,15.737284660339355,0.5392153263092041,0.088086724281311
226014.0,118.33999633789062,309.43389892578125,0.146191731095314,-0.1462861746549606,15.786208152770996,0.684332013130188,0.0615140460431575
226015.0,118.91999816894533,308.25396728515625,0.1387891471385955,-0.1476501375436782,15.871460914611816,0.7543863654136658,0.0380895733833313
226015.0,119.5,308.25396728515625,0.1323036551475525,-0.1476501375436782,16.172256469726562,0.7162423133850098,0.0381470285356044
226016.0,120.08000183105467,306.8614501953125,0.1034259647130966,-0.1529224961996078,16.120521545410156,0.5913317203521729,0.0745193734765052
226016.0,120.66000366210938,306.8614501953125,0.0886166095733642,-0.1529224961996078,15.708675384521484,0.382533311843872,0.1176987662911415
226017.0,121.23999786376952,306.5349426269531,0.0694228112697601,-0.1528644263744354,15.302520751953123,0.1225089281797409,0.1420639157295227
226018.0,121.81999969482422,306.91705322265625,0.0606227330863475,-0.1477666497230529,15.230960845947266,-0.150407001376152,0.1376929581165313
226018.0,122.4000015258789,306.91705322265625,0.0544755756855011,-0.1477666497230529,15.27309513092041,-0.4000691473484039,0.1135421693325042
226019.0,122.9800033569336,306.5211181640625,0.0579257868230342,-0.1470510363578796,15.606071472167969,-0.5942080020904541,0.0817513018846511
226019.0,123.55999755859376,306.5211181640625,0.0663053393363952,-0.1470510363578796,15.855257034301758,-0.7164158821105957,0.051240436732769
226020.0,124.13999938964844,304.2990417480469,0.0927178561687469,-0.1487498432397842,16.47144889831543,-0.7487887144088745,0.0292426235973835
226020.0,124.72000122070312,304.2990417480469,0.2172328233718872,-0.1487498432397842,15.871460914611816,0.1471169739961624,0.1102218478918075
226021.0,125.3000030517578,301.40338134765625,0.0940653309226036,-0.1491636931896209,16.373634338378906,0.2738172113895416,0.0785815641283989
226022.0,125.87999725341795,300.0740661621094,0.1518320590257644,-0.1491898596286773,15.560709953308104,0.5981095433235168,0.1774663776159286
226022.0,126.45999908447266,300.0740661621094,0.1507575958967209,-0.1491898596286773,15.137849807739258,0.8681576251983643,0.1571917682886123
226023.0,127.04000091552734,300.6641845703125,0.1611268520355224,-0.1445078700780868,14.23642349243164,0.9377108216285706,0.09989495575428
226023.0,127.62000274658205,300.6641845703125,0.1694574058055877,-0.1445078700780868,14.091212272644045,0.9539718627929688,0.0471222698688507
226024.0,128.1999969482422,300.74383544921875,0.1461949348449707,-0.1462087035179138,14.1231050491333,0.896503210067749,0.0013851416297256
226025.0,128.77999877929688,300.0705871582031,0.1607125401496887,-0.1456788182258606,14.159465789794922,0.8322240114212036,-0.0187904462218284
226025.0,129.36000061035156,300.0705871582031,0.149312138557434,-0.1456788182258606,14.209309577941896,0.7513856887817383,-0.0123497201129794
226026.0,129.94000244140625,298.89337158203125,0.1229014173150062,-0.1455690264701843,14.389101028442385,0.6077607274055481,-0.0170312169939279
226026.0,130.52000427246094,298.89337158203125,0.1216280609369278,-0.1455690264701843,14.509199142456056,0.4059332013130188,0.0179265141487121
226027.0,131.10000610351562,297.8978271484375,0.1036048904061317,-0.1445937752723693,14.389101028442385,0.2055072039365768,0.0809948593378067
226027.0,131.67999267578125,297.8978271484375,0.073894090950489,-0.1445937752723693,14.321944236755373,-0.0526224076747894,0.0949400886893272
226028.0,132.25999450683594,297.9026794433594,0.075453944504261,-0.1409308016300201,13.875174522399902,-0.2139068692922592,0.0435743927955627
226029.0,132.83999633789062,297.56866455078125,0.1101054325699806,-0.1366883516311645,14.473718643188477,-0.213637426495552,-0.0169591680169105
226029.0,133.4199981689453,297.56866455078125,0.1221340894699096,-0.1366883516311645,14.83336353302002,-0.0333747006952762,0.0010160001693293
226030.0,134.0,296.207763671875,0.1174240410327911,-0.1382793933153152,15.201395988464355,0.0865270495414733,-0.0344729386270046
226030.0,134.5800018310547,296.207763671875,0.1090991273522377,-0.1382793933153152,15.830921173095703,0.1680280566215515,-0.0477943904697895
226031.0,135.16000366210938,294.20819091796875,0.1108831018209457,-0.1396944671869278,16.24757194519043,0.1982875168323516,-0.0405110791325569
226031.0,135.74000549316406,294.20819091796875,0.0973680987954139,-0.1396944671869278,16.373634338378906,0.1366068571805954,0.0719207748770713
226032.0,136.32000732421875,292.31707763671875,0.1021954268217086,-0.1434120237827301,15.71276569366455,0.1455731391906738,0.1315248310565948
226033.0,136.89999389648438,292.62408447265625,0.0810687690973281,-0.1391745954751968,15.260467529296877,0.0842688605189323,0.136129155755043
226033.0,137.47999572753906,292.62408447265625,0.1068118810653686,-0.1391745954751968,15.137849807739258,0.0130054838955402,0.1175571084022522
226034.0,138.05999755859375,293.2076110839844,0.1526492089033126,-0.134402796626091,14.62830924987793,0.2099113762378692,0.1337665170431137
226034.0,138.63999938964844,293.2076110839844,0.1385494023561477,-0.134402796626091,14.420333862304688,0.3050682842731476,0.1520261913537979
226035.0,139.22000122070312,293.5970764160156,0.1211190596222877,-0.1345928758382797,14.357800483703612,0.3266304433345794,0.1778636574745178
226036.0,139.8000030517578,294.21240234375,0.1345073580741882,-0.1361907422542572,13.990504264831545,0.2801362574100494,0.2147221565246582
226036.0,140.3800048828125,294.21240234375,0.1178108751773834,-0.1361907422542572,13.810168266296388,0.2336443811655044,0.2322332113981247
226037.0,140.9600067138672,295.42633056640625,0.1364868581295013,-0.1363778710365295,13.660419464111328,0.1747809648513794,0.2757151424884796
226037.0,141.5399932861328,295.42633056640625,0.1265111118555069,-0.1363778710365295,13.622724533081056,0.1512354016304016,0.3078178167343139
226038.0,142.1199951171875,297.3941650390625,0.1122205331921577,-0.1377272307872772,13.758875846862791,0.0952496007084846,0.3318765461444855
226038.0,142.6999969482422,297.3941650390625,0.0890966206789016,-0.1377272307872772,13.758875846862791,-0.0742721706628799,0.3534338772296905
226039.0,143.27999877929688,299.9962158203125,0.1121048331260681,-0.1376688629388809,13.51852035522461,-0.0766396522521972,0.3288086652755737
226040.0,143.86000061035156,302.7608337402344,0.1135284081101417,-0.133162647485733,13.82412338256836,-0.063864566385746,0.2904751300811767
226040.0,144.44000244140625,302.7608337402344,0.1064935103058815,-0.133162647485733,14.326431274414062,-0.0836715325713157,0.2869982421398163
226041.0,145.02000427246094,305.04351806640625,0.0913712605834007,-0.1332127153873443,14.389101028442385,-0.1320265680551529,0.2756378054618835
226041.0,145.60000610351562,305.04351806640625,0.1067192107439041,-0.1332127153873443,14.575491905212402,-0.0697513297200203,0.2624328434467315
226042.0,146.17999267578125,307.0992431640625,0.1015119031071662,-0.1325577795505523,15.12510871887207,-0.03176274523139,0.2560153901576996
226043.0,146.75999450683594,308.97900390625,0.0979181751608848,-0.1341108083724975,15.001382827758787,-0.015649227425456,0.2592325508594513
226043.0,147.33999633789062,308.97900390625,0.1049047783017158,-0.1341108083724975,15.357017517089844,0.0203397180885076,0.2786167860031128
226044.0,147.9199981689453,311.13006591796875,0.1031752526760101,-0.1342679262161255,15.230960845947266,0.0420473963022232,0.3192248344421386
226044.0,148.5,311.13006591796875,0.1047511920332908,-0.1342679262161255,15.28571319580078,0.06007781624794,0.34941166639328
226045.0,149.0800018310547,314.1003723144531,0.1179835274815559,-0.1337578743696212,14.495903968811035,0.1079131662845611,0.350055456161499
226045.0,149.66000366210938,314.1003723144531,0.1301551312208175,-0.1337578743696212,14.672178268432615,0.1861448287963867,0.3664864897727966
226046.0,150.24000549316406,317.7948608398437,0.1720696538686752,-0.1320224553346634,13.958308219909668,0.5177611112594604,0.4196163117885589
226047.0,150.82000732421875,321.84112548828125,0.1492958813905716,-0.1321664601564407,13.41829776763916,0.7595775723457336,0.4134570062160492
226047.0,151.39999389648438,321.84112548828125,0.154027834534645,-0.1321664601564407,12.960168838500977,0.8788709044456482,0.3407481014728546
226048.0,151.97999572753906,325.5059814453125,0.1749511063098907,-0.1297591775655746,12.7249116897583,0.832385778427124,0.2659522593021393
226048.0,152.55999755859375,325.5059814453125,0.1424833685159683,-0.1297591775655746,13.41829776763916,0.6532081365585327,0.1836954802274704
226049.0,153.13999938964844,327.4214782714844,0.1612817943096161,-0.1303666979074478,13.622724533081056,0.6783052682876587,0.1652231961488723
226049.0,153.72000122070312,327.4214782714844,0.1568526774644851,-0.1303666979074478,13.958308219909668,0.6808133721351624,0.1338697671890258
226050.0,154.3000030517578,328.8014831542969,0.1509502232074737,-0.1279969066381454,14.798661231994627,0.7123130559921265,0.0860049724578857
226051.0,154.8800048828125,329.2493591308594,0.152105450630188,-0.1303095817565918,15.21407413482666,0.7697495222091675,0.0628039687871933
226051.0,155.4600067138672,329.2493591308594,0.137656107544899,-0.1303095817565918,16.00450897216797,0.8512667417526245,0.0044962856918573
226052.0,156.0399932861328,328.8043212890625,0.08964154869318,-0.1301676481962204,16.929277420043945,0.6880698800086975,-0.0795743316411972
226052.0,156.6199951171875,328.8043212890625,0.0817454755306243,-0.1301676481962204,17.56989288330078,0.3926371932029724,-0.0630607157945633
226053.0,157.1999969482422,327.5105895996094,0.0808155462145805,-0.1317021250724792,17.953279495239258,0.1327933818101883,0.019744649529457
226054.0,157.77999877929688,327.0926818847656,0.0680994689464569,-0.1301827579736709,17.989025115966797,-0.1058829873800277,0.0773076191544532
226054.0,158.36000061035156,327.0926818847656,0.0775121673941612,-0.1301827579736709,17.75900650024414,-0.2662323415279388,0.1045054122805595
226055.0,158.94000244140625,327.99969482421875,0.0906501784920692,-0.1275533884763717,17.708290100097656,-0.1047387272119522,0.1362202763557434
226055.0,159.52000427246094,327.99969482421875,0.0883999094367027,-0.1275533884763717,17.30462074279785,0.0150926942005753,0.1441498398780822
226056.0,160.10000610351562,329.6572265625,0.0898949578404426,-0.1236986517906189,16.642200469970703,0.072465069591999,0.147765427827835
226056.0,160.67999267578125,329.6572265625,0.0833656415343284,-0.1236986517906189,16.39324378967285,0.0203439053148031,0.1192127838730812
226057.0,161.25999450683594,330.9878234863281,0.0795820876955986,-0.1211217269301414,15.826862335205078,0.0146220345050096,0.1082476004958152
226058.0,161.83999633789062,331.337890625,0.0852099880576133,-0.1218330264091491,16.032588958740234,0.0093281669542193,0.1007985919713974
226058.0,162.4199981689453,331.337890625,0.1136349588632583,-0.1218330264091491,15.59371280670166,0.1250582337379455,0.0986716970801353
226059.0,163.0,331.2267761230469,0.1407495886087417,-0.120926097035408,15.369565963745115,0.3707189261913299,0.0795818194746971
226059.0,163.5800018310547,331.2267761230469,0.1457941383123397,-0.120926097035408,15.323503494262695,0.5655479431152344,0.0559365898370742
226060.0,164.16000366210938,330.4544982910156,0.158735379576683,-0.1213100105524063,15.42799186706543,0.7003053426742554,0.0246706530451774
226060.0,164.74000549316406,330.4544982910156,0.1486831158399582,-0.1213100105524063,15.887646675109863,0.7314804196357727,0.0049272202886641
226061.0,165.32000732421875,328.7214660644531,0.1299863010644912,-0.1246539503335952,15.851203918457031,0.6976242661476135,0.0169692113995552
226062.0,165.89999389648438,327.22039794921875,0.1207113489508628,-0.1274676173925399,15.634868621826172,0.5538640022277832,0.0689610764384269
226062.0,166.47999572753906,327.22039794921875,0.0919094607234001,-0.1274676173925399,15.15482234954834,0.3327843844890594,0.1073109656572341
226063.0,167.05999755859375,327.0033569335937,0.0574993565678596,-0.1251570880413055,15.07403564453125,0.0711760893464088,0.1420828849077224
226063.0,167.63999938964844,327.0033569335937,0.0658133327960968,-0.1251570880413055,14.89389705657959,-0.2054238021373748,0.1344478130340576
226064.0,168.22000122070312,327.3311767578125,0.072291076183319,-0.1216749250888824,14.936984062194824,-0.4588900506496429,0.1084546819329261
226065.0,168.8000030517578,326.6965637207031,0.0672977864742279,-0.1199004724621772,15.15482234954834,-0.6188278794288635,0.0678008124232292
226065.0,169.3800048828125,326.6965637207031,0.0688598304986953,-0.1199004724621772,15.684111595153809,-0.7251931428909302,0.0425826348364353
226066.0,169.9600067138672,324.5123596191406,0.0903743654489517,-0.1212080270051956,15.798415184020996,-0.7190085053443909,0.0248858071863651
226066.0,170.5399932861328,324.5123596191406,0.1213435605168342,-0.1212080270051956,16.227787017822266,-0.668699324131012,0.0471323244273662
226067.0,171.1199951171875,321.8702087402344,0.1083248332142829,-0.1233229711651802,16.428482055664062,-0.5051840543746948,0.0878616720438003
226067.0,171.6999969482422,321.8702087402344,0.1143004521727562,-0.1233229711651802,16.259431838989258,-0.2775761485099792,0.1274420917034149
226068.0,172.27999877929688,320.2799072265625,0.1181173548102378,-0.1236444413661956,15.810612678527832,-0.0086108120158314,0.1350448727607727
226069.0,172.86000061035156,320.1381530761719,0.132042720913887,-0.1186391785740852,15.498640060424805,0.2700474262237549,0.1179515495896339
226069.0,173.44000244140625,320.1381530761719,0.1299349963665008,-0.1186391785740852,15.53177547454834,0.4851150512695312,0.0960443839430809
226070.0,174.02000427246094,319.4917297363281,0.1578974574804306,-0.1177829056978225,15.515216827392578,0.6544610261917114,0.0556207448244094
226070.0,174.60000610351562,319.4917297363281,0.1609644889831543,-0.1177829056978225,15.753609657287598,0.7439233660697937,0.0315861999988555
226071.0,175.17999267578125,317.9188537597656,0.1337548792362213,-0.1189651042222976,15.940139770507812,0.7247067093849182,0.0259233955293893
226072.0,175.75999450683594,316.7354736328125,0.1238188743591308,-0.1217618957161903,15.859310150146484,0.639349102973938,0.0529459603130817
226072.0,176.33999633789062,316.7354736328125,0.0983619168400764,-0.1217618957161903,15.556580543518066,0.4512563943862915,0.1042917072772979
226073.0,176.9199981689453,316.72515869140625,0.0676860809326171,-0.1215584948658943,15.27309513092041,0.2845498025417328,0.1178278923034668
226073.0,177.5,316.72515869140625,0.1513176709413528,-0.1215584948658943,14.794318199157717,0.3740732669830322,0.0723505914211273
226074.0,178.0800018310547,317.1852722167969,0.1572926491498947,-0.1122221648693084,14.798661231994627,0.6723979711532593,0.0383798778057098
226074.0,178.66000366210938,317.1852722167969,0.1479630023241043,-0.1122221648693084,15.230960845947266,0.8051366209983826,-0.0459310226142406
226075.0,179.24000549316406,316.1976623535156,0.1417154371738433,-0.1159719228744506,16.028579711914062,0.8300342559814453,-0.1043887808918953
226076.0,179.82000732421875,313.28643798828125,0.116356685757637,-0.1193729490041732,16.929277420043945,0.7423078417778015,-0.1294009238481521
226076.0,180.3999938964844,313.28643798828125,0.1037629172205925,-0.1193729490041732,17.226478576660156,0.6128349304199219,-0.1390507221221923
226077.0,180.97999572753903,309.6421813964844,0.0834543481469154,-0.1228299140930175,17.888755798339844,0.2734533250331878,-0.1122751161456108
226077.0,181.55999755859372,309.6421813964844,0.0704610422253608,-0.1228299140930175,17.831207275390625,0.0264922995120286,-0.0336317270994186
226078.0,182.13999938964844,306.8334655761719,0.1029774472117424,-0.1237223818898201,17.53695297241211,0.148826315999031,0.0079312808811664
226078.0,182.72000122070312,306.8334655761719,0.1005082428455352,-0.1237223818898201,17.44512939453125,0.2308620810508728,-0.0104888128116726
226079.0,183.3000030517578,305.9129333496094,0.101823516190052,-0.1169397756457328,17.30462074279785,0.2764042019844055,-0.021068587899208
226080.0,183.8800048828125,304.98358154296875,0.0798007920384407,-0.1158521398901939,17.147979736328125,0.2135587781667709,0.0074998498894274
226080.0,184.4600067138672,304.98358154296875,0.1033639535307884,-0.1158521398901939,16.95203399658203,0.2203544527292251,0.0203236546367406
226081.0,185.0399932861328,304.4703063964844,0.1223606318235397,-0.1143116280436515,16.917888641357422,0.2365913540124893,0.0430064499378204
226081.0,185.6199951171875,304.4703063964844,0.1040178164839744,-0.1143116280436515,16.91408920288086,0.2910275757312774,0.0655995085835456
226082.0,186.1999969482422,304.2997436523437,0.0930443704128265,-0.1161176115274429,16.818857192993164,0.2833415269851684,0.1198144033551216
226083.0,186.77999877929688,304.93035888671875,0.1325048208236694,-0.1143094301223754,16.3343448638916,0.4918873608112335,0.1089077144861221
226083.0,187.3600006103516,304.93035888671875,0.0992937609553337,-0.1143094301223754,16.95203399658203,0.4293118715286255,0.0755330547690391
226084.0,187.94000244140625,305.1522827148437,0.065901905298233,-0.117002472281456,16.74995231628418,0.1452180743217468,0.1113700345158577
226084.0,188.5200042724609,305.1522827148437,0.1149642989039421,-0.117002472281456,16.564804077148438,0.2050337493419647,0.132083311676979
226085.0,189.1000061035156,305.70758056640625,0.0978602170944213,-0.1152378320693969,16.318603515625,0.206184908747673,0.1262675523757934
226085.0,189.67999267578125,305.70758056640625,0.0957237780094146,-0.1152378320693969,16.518192291259766,0.1200284212827682,0.1320215761661529
226086.0,190.25999450683597,306.3720703125,0.0407529175281524,-0.1156958192586898,16.227787017822266,-0.3183060884475708,0.1790242046117782
226087.0,190.83999633789065,307.3064270019531,0.1023139581084251,-0.1141619458794593,15.98844051361084,-0.3356550931930542,0.1943484097719192
226087.0,191.4199981689453,307.3064270019531,0.1264192759990692,-0.1141619458794593,15.887646675109863,-0.0850579366087913,0.2393160760402679
226088.0,192.0,309.1993103027344,0.1134003028273582,-0.113078698515892,15.201395988464355,0.0093478178605437,0.2949123084545135
226088.0,192.5800018310547,309.1993103027344,0.1048687621951103,-0.113078698515892,14.768230438232422,0.0157760642468929,0.3376449346542358
226089.0,193.16000366210935,311.927001953125,0.1168123409152031,-0.1142584159970283,14.059247016906738,0.0408712550997734,0.3411294221878052
226090.0,193.7400054931641,315.0611877441406,0.1182751134037971,-0.1121255531907081,13.693317413330078,0.1003651916980743,0.3345270156860351
226090.0,194.32000732421875,315.0611877441406,0.1384510993957519,-0.1121255531907081,13.098311424255373,0.2354034930467605,0.2782527506351471
226091.0,194.8999938964844,317.3550109863281,0.1493615955114364,-0.1106541901826858,13.556506156921388,0.2904112339019775,0.2401288598775863
226091.0,195.47999572753903,317.3550109863281,0.1611686646938324,-0.1106541901826858,13.485196113586426,0.5745145082473755,0.2461180090904235
226092.0,196.05999755859372,318.7479248046875,0.1282363981008529,-0.1123007908463478,13.509007453918455,0.7143667340278625,0.2003204524517059
226092.0,196.63999938964844,318.7479248046875,0.1578619331121444,-0.1123007908463478,13.884435653686523,0.7976784110069275,0.1539115905761718
226093.0,197.22000122070312,319.8037414550781,0.1810560971498489,-0.1116011068224906,13.82877254486084,0.787999153137207,0.1006213501095771
226094.0,197.8000030517578,319.5682067871094,0.1497003436088562,-0.1131208688020706,14.702808380126951,0.797990620136261,0.0415385589003562
226094.0,198.3800048828125,319.5682067871094,0.1528295278549194,-0.1131208688020706,15.352832794189451,0.7957284450531006,0.0186456535011529
226095.0,198.9600067138672,318.3139953613281,0.1472414433956146,-0.1161759197711944,15.585469245910645,0.7925414443016052,-0.0088927559554576
226095.0,199.5399932861328,318.3139953613281,0.1168134585022926,-0.1161759197711944,16.148399353027344,0.6822935938835144,-0.0482972674071788
226096.0,200.1199951171875,316.4294738769531,0.1109856367111206,-0.1174914985895156,16.545398712158203,0.4941799640655517,-0.0093845091760158
226096.0,200.6999969482422,316.4294738769531,0.1192807704210281,-0.1174914985895156,16.684616088867188,0.5325500965118408,0.0373142920434474
226097.0,201.27999877929688,315.2963256835937,0.1127318739891052,-0.1138032376766204,16.734601974487305,0.6026015281677246,0.0606003105640411
226098.0,201.8600006103516,315.1221618652344,0.085082933306694,-0.1113204285502433,16.807392120361328,0.3601811826229095,0.0189412161707878
226098.0,202.44000244140625,315.1221618652344,0.0707333981990814,-0.1113204285502433,16.696165084838867,0.048099048435688,0.1196008771657943
226099.0,203.0200042724609,315.0832824707031,0.0942173451185226,-0.1120158433914184,16.064620971679688,-0.0021112165413796,0.1230651959776878
226099.0,203.6000061035156,315.0832824707031,0.1001472398638725,-0.1120158433914184,15.53177547454834,-0.0066295689903199,0.1088705211877822
226100.0,204.17999267578125,315.7662048339844,0.0939609482884407,-0.1083140224218368,15.386281967163086,0.018254755064845,0.1042442247271537
226101.0,204.75999450683597,315.9866027832031,0.1357301771640777,-0.1073100939393043,14.967071533203123,0.254793643951416,0.0942778140306472
226101.0,205.33999633789065,315.9866027832031,0.1632659286260604,-0.1073100939393043,14.979948043823242,0.4744020998477936,0.0679275318980217
226102.0,205.9199981689453,315.48162841796875,0.1612231284379959,-0.1070932000875473,15.12510871887207,0.6392399668693542,0.0362154729664325
226102.0,206.5,315.48162841796875,0.157658964395523,-0.1070932000875473,15.4446439743042,0.7241150140762329,0.0130283357575535
226103.0,207.0800018310547,313.88360595703125,0.1513621509075164,-0.1093964427709579,15.53177547454834,0.7223139405250549,0.0057396171614527
226103.0,207.66000366210935,313.88360595703125,0.1323813050985336,-0.1093964427709579,15.59371280670166,0.6192499995231628,0.0416095629334449
226104.0,208.2400054931641,312.2932434082031,0.1048117950558662,-0.1112755835056305,15.302520751953123,0.4373043179512024,0.0963246673345565
226105.0,208.82000732421875,312.0530700683594,0.0856387093663215,-0.1095515042543411,15.014229774475098,0.1907442063093185,0.1372728794813156
226105.0,209.3999938964844,312.0530700683594,0.0704544112086296,-0.1095515042543411,14.889580726623535,-0.0921155959367752,0.141323059797287
226106.0,209.97999572753903,312.3689270019531,0.0482263453304767,-0.1071684658527374,14.720282554626465,-0.3473267257213592,0.1251106113195419
226106.0,210.55999755859372,312.3689270019531,0.053612295538187,-0.1071684658527374,14.876626968383787,-0.5569233298301697,0.0903069451451301
226107.0,211.13999938964844,311.8062438964844,0.06822120398283,-0.1054592281579971,15.226740837097168,-0.6985264420509338,0.060214165598154
226107.0,211.72000122070312,311.8062438964844,0.0882687717676162,-0.1054592281579971,15.859310150146484,-0.7484981417655945,0.0364575982093811
226108.0,212.3000030517578,309.5705871582031,0.0980346575379371,-0.1074039563536644,16.08860206604004,-0.7075132131576538,0.0365058965981006
226109.0,212.8800048828125,307.0725402832031,0.116618201136589,-0.1073566451668739,16.361858367919922,-0.5824171304702759,0.0647425204515457
226109.0,213.4600067138672,307.0725402832031,0.1139658018946647,-0.1073566451668739,16.04460906982422,-0.3808372616767883,0.1094615384936332
226110.0,214.0399932861328,305.73394775390625,0.1165285259485244,-0.1074275746941566,15.843093872070312,-0.1143995150923729,0.1365691274404525
226110.0,214.6199951171875,305.73394775390625,0.1418394595384597,-0.1074275746941566,15.59371280670166,0.1497192233800888,0.1315933912992477
226111.0,215.1999969482422,305.7760314941406,0.1455265432596206,-0.1036539897322654,15.197168350219728,0.3986869752407074,0.1093532666563987
226112.0,215.77999877929688,305.31768798828125,0.1585658341646194,-0.1025567278265953,15.184476852416992,0.5991876721382141,0.0705397725105285
226112.0,216.3600006103516,305.31768798828125,0.1583847850561142,-0.1025567278265953,15.45712184906006,0.7201690673828125,0.0395614467561244
226113.0,216.94000244140625,303.739990234375,0.1559829711914062,-0.1057365089654922,15.798415184020996,0.7504070997238159,0.0141480360180139
226113.0,217.5200042724609,303.739990234375,0.1292616128921508,-0.1057365089654922,15.798415184020996,0.687066912651062,0.0364662520587444
226114.0,218.1000061035156,302.0831604003906,0.1090970113873481,-0.1077719554305076,15.680014610290527,0.5379530191421509,0.0837527364492416
226114.0,218.67999267578125,302.0831604003906,0.094846174120903,-0.1077719554305076,15.21407413482666,0.3120769262313843,0.1350780129432678
226115.0,219.25999450683597,301.9664001464844,0.0643348097801208,-0.1062745228409767,14.90683650970459,0.0366190671920776,0.1514965742826461
226116.0,219.83999633789065,302.6429138183594,0.062101561576128,-0.10404834151268,14.62391471862793,-0.2278808355331421,0.1439586579799652
226116.0,220.4199981689453,302.6429138183594,0.0574521124362945,-0.10404834151268,14.83336353302002,-0.463221937417984,0.1104754284024238
226117.0,221.0,302.3620300292969,0.05522321164608,-0.1033935472369194,15.069771766662598,-0.6363601684570312,0.0763998255133628
226117.0,221.5800018310547,302.3620300292969,0.0620604529976844,-0.1033935472369194,15.44048309326172,-0.731907308101654,0.0478116050362587
226118.0,222.16000366210935,300.5010070800781,0.1457253396511078,-0.1028011366724968,15.899776458740234,-0.3669803142547607,0.0313163548707962
226119.0,222.7400054931641,298.50347900390625,0.1959328353404998,-0.1037891954183578,15.502785682678224,0.1918689906597137,0.0969206467270851
226119.0,223.32000732421875,298.50347900390625,0.0524084158241748,-0.1037891954183578,15.680014610290527,0.0671172961592674,0.016180895268917
226120.0,223.8999938964844,296.9026794433594,0.0788796320557594,-0.1045375019311904,15.956255912780762,-0.2135234922170639,0.1058509051799774
226120.0,224.47999572753903,296.9026794433594,0.0851725041866302,-0.1045375019311904,15.614304542541504,-0.4946293532848358,0.2044224441051483
226121.0,225.05999755859372,296.18914794921875,0.1189727261662483,-0.1069239750504493,15.411321640014648,-0.640658974647522,0.2300817221403122
226121.0,225.63999938964844,296.18914794921875,0.0769948959350586,-0.1069239750504493,15.082559585571287,-0.7175140976905823,0.2856355011463165
226122.0,226.22000122070312,296.9505920410156,0.0774126350879669,-0.1056925505399704,14.949886322021484,-0.822029173374176,0.2298219352960586
226123.0,226.8000030517578,297.751708984375,0.0950065329670906,-0.1034854799509048,14.141297340393066,-0.8805679678916931,0.1899076104164123
226123.0,227.3800048828125,297.751708984375,0.0616815313696861,-0.1034854799509048,14.478157997131348,-1.106503129005432,0.1511728763580322
226124.0,227.9600067138672,296.9103698730469,0.1233769133687019,-0.1015526726841926,14.919764518737791,-0.8873494267463684,-0.0673757717013359
226124.0,228.5399932861328,296.9103698730469,0.1852812618017196,-0.1015526726841926,15.4446439743042,-0.5221303701400757,-0.0482049286365509
226125.0,229.1199951171875,294.1823425292969,0.1125073581933975,-0.1060696989297866,15.560709953308104,-0.4910256564617157,0.1759647876024246
226125.0,229.6999969482422,294.1823425292969,0.1100102141499519,-0.1060696989297866,14.65903091430664,-0.4615998268127441,0.2367547452449798
226126.0,230.27999877929688,294.0426940917969,0.0808261707425117,-0.1080017611384391,13.72145175933838,-0.4828883409500122,0.219700202345848
226127.0,230.8600006103516,295.50799560546875,0.0768200904130935,-0.101113922894001,13.51852035522461,-0.4018139243125915,0.0598883479833602
226127.0,231.44000244140625,295.50799560546875,0.0779649317264556,-0.101113922894001,13.523274421691896,-0.5081210732460022,0.035567220300436
226128.0,232.0200042724609,295.2578430175781,0.0673434361815452,-0.1003754809498786,13.68862247467041,-0.508813202381134,-0.0328091904520988
226128.0,232.6000061035156,295.2578430175781,0.0909483432769775,-0.1003754809498786,13.875174522399902,-0.3538658916950226,-0.1089098155498504
226129.0,233.17999267578125,293.6947631835937,0.104015052318573,-0.1012039631605148,14.384634017944336,-0.0682414323091507,-0.1391022503376007
226130.0,233.75999450683597,291.0888366699219,0.0908097252249717,-0.1035996451973915,15.1675386428833,0.0594313666224479,-0.1308344602584839
226130.0,234.33999633789065,291.0888366699219,0.142940416932106,-0.1035996451973915,15.415491104125977,0.2975471913814544,-0.0506131798028945
226131.0,234.9199981689453,288.6965026855469,0.1276865005493164,-0.1079227849841117,15.1675386428833,0.4469070434570312,0.0274902433156967
226131.0,235.5,288.6965026855469,0.1417296975851059,-0.1079227849841117,14.73337459564209,0.5819376111030579,0.1005956009030342
226132.0,236.0800018310547,287.9828796386719,0.1389402002096176,-0.1088480651378631,14.022625923156738,0.6490218043327332,0.1264935880899429
226132.0,236.66000366210935,287.9828796386719,0.1717934310436248,-0.1088480651378631,13.68862247467041,0.7315251231193542,0.1334384381771087
226133.0,237.2400054931641,288.6487731933594,0.1847158223390579,-0.1054610535502433,13.413506507873535,0.8074278831481934,0.1240826398134231
226134.0,237.82000732421875,289.053955078125,0.1884036511182785,-0.1039403304457664,13.29799747467041,0.7725474834442139,0.1171002611517906
226134.0,238.3999938964844,289.053955078125,0.1540432274341583,-0.1039403304457664,13.049142837524414,0.7395662069320679,0.1204962283372879
226135.0,238.97999572753903,289.1658020019531,0.1853338330984115,-0.1032958403229713,12.845582008361816,0.6964529156684875,0.1558849066495895
226135.0,239.55999755859372,289.1658020019531,0.1922818720340728,-0.1032958403229713,12.551973342895508,0.6235694289207458,0.1790931671857834
226136.0,240.13999938964844,289.6412048339844,0.1778191775083542,-0.102719135582447,12.256566047668455,0.5852371454238892,0.2044663429260254
226136.0,240.72000122070312,289.6412048339844,0.2054471373558044,-0.102719135582447,11.698347091674805,0.5706159472465515,0.2226785868406295
226137.0,241.3000030517578,290.84674072265625,0.1556899100542068,-0.100548654794693,11.791403770446776,0.4493494629859924,0.1623464822769165
226138.0,241.8800048828125,291.6817321777344,0.0644500255584716,-0.1003280282020568,11.87831974029541,-0.0570422857999801,0.0874844491481781
226138.0,242.4600067138672,291.6817321777344,0.0881839022040367,-0.1003280282020568,12.633651733398438,-0.3135257065296173,0.1015037447214126
226139.0,243.0399932861328,291.4349060058594,0.1966874450445175,-0.1005387157201767,12.480066299438477,-0.0300882644951343,0.1153582334518432
226139.0,243.6199951171875,291.4349060058594,0.1877227127552032,-0.1005387157201767,12.428448677062988,0.0970367193222045,0.1489525288343429
226140.0,244.1999969482422,291.7019348144531,0.1287697851657867,-0.1020471006631851,12.592878341674805,0.0989294946193695,0.2081840634346008
226141.0,244.77999877929688,292.8073425292969,0.1396984159946441,-0.1024590879678726,12.516071319580078,0.1231763139367103,0.2603721022605896
226141.0,245.3600006103516,292.8073425292969,0.1383460015058517,-0.1024590879678726,12.334991455078123,0.1249322220683097,0.2194979786872863
226142.0,245.94000244140625,294.7009582519531,0.1381751745939254,-0.098181165754795,11.78049373626709,0.1148702502250671,0.1624425202608108
226142.0,246.5200042724609,294.7009582519531,0.1142009869217872,-0.098181165754795,12.098188400268556,0.0003065073105972,0.1189634129405021
226143.0,247.1000061035156,295.4617614746094,0.1478218883275985,-0.0987010672688484,12.44395637512207,0.0540419407188892,0.1525327265262603
226143.0,247.67999267578125,295.4617614746094,0.1417012810707092,-0.0987010672688484,12.669219970703123,0.0899064764380455,0.1492732018232345
226144.0,248.25999450683597,295.9651794433594,0.1402022689580917,-0.0995116531848907,12.44395637512207,0.1098138615489006,0.1442358344793319
226145.0,248.83999633789065,296.66265869140625,0.1522279530763626,-0.0986372306942939,12.505794525146484,0.1201305538415908,0.1349316388368606
226145.0,249.4199981689453,296.66265869140625,0.1401045173406601,-0.0986372306942939,12.77532958984375,0.1292862445116043,0.1276069283485412
226146.0,250.0,297.18804931640625,0.1220568493008613,-0.0996820405125618,12.740057945251465,0.1582949012517929,0.1288937330245971
226146.0,250.5800018310547,297.18804931640625,0.2224363982677459,-0.0996820405125618,12.740057945251465,0.4791710376739502,0.162366509437561
226147.0,251.16000366210935,297.7016906738281,0.2082476019859314,-0.0977182388305664,12.735011100769045,0.7772400975227356,0.1220675036311149
226148.0,251.7400054931641,297.35357666015625,0.1472300738096237,-0.0988450422883033,13.225292205810549,0.7054649591445923,0.008662873879075
226148.0,252.32000732421875,297.35357666015625,0.1355160772800445,-0.0988450422883033,13.622724533081056,0.6204679012298584,0.0312363244593143
226149.0,252.8999938964844,296.3680725097656,0.1529091596603393,-0.101391777396202,13.693317413330078,0.6428267359733582,0.0648046433925628
226149.0,253.47999572753903,296.3680725097656,0.1373626142740249,-0.101391777396202,13.995097160339355,0.6505300998687744,-0.0099671287462115
226150.0,254.05999755859372,295.7021179199219,0.1122142821550369,-0.097091905772686,14.186675071716309,0.5727752447128296,-0.0720773339271545
226150.0,254.63999938964844,295.7021179199219,0.1408285200595855,-0.097091905772686,14.402495384216309,0.5976856350898743,-0.0092697367072105
226151.0,255.22000122070312,294.2364807128906,0.1113601401448249,-0.0981643721461296,14.091212272644045,0.5467149019241333,0.0121630830690264
226152.0,255.8000030517578,293.4403686523437,0.0853601023554802,-0.0932915732264518,13.990504264831545,0.5972018241882324,-0.0689353719353675
226152.0,256.3800048828125,293.4403686523437,0.0565882995724678,-0.0932915732264518,14.027209281921388,0.5268422365188599,-0.186094731092453
226153.0,256.9599914550781,291.6058959960937,0.0626594126224517,-0.0914809256792068,14.415876388549805,0.2212989777326584,-0.2220978587865829
226153.0,257.5400085449219,291.6058959960937,0.044219497591257,-0.0914809256792068,14.65903091430664,0.0440807230770587,-0.2197388559579849
226154.0,258.1199951171875,287.6040954589844,0.0789665877819061,-0.0957773178815841,15.07403564453125,0.1111561879515647,-0.2086710184812545
226154.0,258.70001220703125,287.6040954589844,0.0465689487755298,-0.0957773178815841,15.2899169921875,0.1402930468320846,-0.2272109687328338
226155.0,259.2799987792969,283.8428649902344,0.0666946098208427,-0.095898725092411,15.323503494262695,0.2073457986116409,-0.223482459783554
226156.0,259.8599853515625,279.5607604980469,0.0534781403839588,-0.0983865484595298,15.402979850769045,0.0811024531722068,-0.2185719013214111
226156.0,260.44000244140625,279.5607604980469,0.0544122122228145,-0.0983865484595298,15.42799186706543,0.039095252752304,-0.1899694055318832
226157.0,261.0199890136719,275.5797424316406,0.0629828721284866,-0.0988520756363868,15.498640060424805,0.1075120791792869,-0.1804084479808807
226157.0,261.6000061035156,275.5797424316406,0.0479931272566318,-0.0988520756363868,15.647193908691406,0.1777830421924591,-0.1625022739171981
226158.0,262.17999267578125,272.0003662109375,0.069614328444004,-0.0979892089962959,15.498640060424805,0.1665709614753723,-0.1253405809402465
226159.0,262.760009765625,268.9384155273437,0.0431869179010391,-0.0992786139249801,15.15482234954834,0.0572834946215152,-0.1078019440174102
226159.0,263.3399963378906,268.9384155273437,0.0801966786384582,-0.0992786139249801,15.04416275024414,0.0292669925838708,-0.0509725920855999
226160.0,263.9200134277344,267.1845703125,0.0755259245634079,-0.0967086181044578,14.82903003692627,0.0597897246479988,-0.0474961400032043
226160.0,264.5,267.1845703125,0.0624320469796657,-0.0967086181044578,14.022625923156738,0.106788195669651,-0.0639086067676544
226161.0,265.0799865722656,266.0762634277344,0.0694474652409553,-0.0902109369635582,13.985909461975098,0.0622883439064025,-0.0785407349467277
226161.0,265.6600036621094,266.0762634277344,0.0829511657357215,-0.0902109369635582,13.777549743652344,-0.0169740673154592,-0.0474435426294803
226162.0,266.239990234375,265.1739807128906,0.1006161645054817,-0.0894401222467422,13.485196113586426,0.0482454597949981,-0.0255051366984844
226163.0,266.82000732421875,263.7127685546875,0.0915734767913818,-0.0933639109134674,12.994842529296877,0.0666726976633071,-0.0317995473742485
226163.0,267.3999938964844,263.7127685546875,0.0893590748310089,-0.0933639109134674,13.205836296081545,0.0799490958452224,-0.0142796617001295
226164.0,267.9800109863281,262.5777587890625,0.1343674510717392,-0.0913440212607383,12.592878341674805,0.0430665872991085,0.1269369274377823
226164.0,268.5599975585937,262.5777587890625,0.1204193606972694,-0.0913440212607383,11.910749435424805,0.0254966262727975,0.0757816657423973
226165.0,269.1400146484375,262.550537109375,0.1557329893112182,-0.0880081951618194,11.470807075500488,0.0227454472333192,0.1362152844667434
226166.0,269.7200012207031,262.5421447753906,0.1512112766504287,-0.0863678753376007,10.848587989807127,0.0433968119323253,0.0956739336252212
226166.0,270.29998779296875,262.5421447753906,0.1421670913696289,-0.0863678753376007,9.670328140258787,-0.0488255359232425,0.1140403226017952
226167.0,270.8800048828125,262.2691955566406,0.2356149554252624,-0.0876721516251564,8.319104194641113,0.0857260525226593,0.156339943408966
226167.0,271.4599914550781,262.2691955566406,0.1841354966163635,-0.0876721516251564,7.4114990234375,0.0563993155956268,0.1301117837429046
226168.0,272.0400085449219,262.4609069824219,0.1244372203946113,-0.0869845524430275,7.173378467559815,0.0437722019851207,0.1296641677618026
226168.0,272.6199951171875,262.4609069824219,-0.0408427119255065,-0.0869845524430275,-4.24398136138916,0.0469113737344741,0.1021546423435211
226169.0,273.20001220703125,262.6461486816406,-0.0783895254135131,-0.0881373733282089,-4.662846088409424,0.0507996417582035,0.1030884757637977
226170.0,273.7799987792969,262.67779541015625,0.0359414555132389,-0.0880125910043716,-3.228163480758667,0.0389055870473384,0.0937234833836555
226170.0,274.3599853515625,262.67779541015625,0.0641327798366546,-0.0880125910043716,-1.931590914726257,0.0638995468616485,0.1064516380429267
226171.0,274.94000244140625,262.9078063964844,0.03748394921422,-0.0866919234395027,-1.793438196182251,0.0897167697548866,0.114559069275856
226171.0,275.5199890136719,262.9078063964844,0.0870077610015869,-0.0866919234395027,-1.2425367832183838,0.0609631203114986,0.119763970375061
226172.0,276.1000061035156,263.04547119140625,0.0697323977947235,-0.0879563316702842,-0.5072625279426575,0.0604788213968277,0.1192035600543022
226172.0,276.67999267578125,263.04547119140625,0.0689312890172004,-0.0879563316702842,-1.3420934677124023,0.0598216168582439,0.120452307164669
226173.0,277.260009765625,263.02099609375,0.0652729645371437,-0.0877167135477066,-1.2425367832183838,0.0601414069533348,0.1208691671490669
226174.0,277.8399963378906,263.00341796875,0.0563182905316352,-0.0867341682314872,-0.5072625279426575,0.0631621927022934,0.1271465569734573
226174.0,278.4200134277344,263.00341796875,0.079214297235012,-0.0867341682314872,-0.5072625279426575,0.0631860494613647,0.1286892294883728
226175.0,279.0,263.07672119140625,0.0562986880540847,-0.0874972119927406,-0.3586888313293457,0.0751765146851539,0.1142918914556503
226175.0,279.5799865722656,263.07672119140625,0.058204848319292,-0.0874972119927406,-1.643723726272583,-0.0568090789020061,-0.0011556257959455
226176.0,280.1600036621094,264.03692626953125,0.0725305080413818,-0.0837774500250816,-2.5363309383392334,-0.0763473212718963,-0.0754990875720977
226177.0,280.739990234375,264.3580627441406,0.0679590255022049,-0.0856767296791076,-1.8638091087341309,-0.1492352038621902,-0.1180958375334739
226177.0,281.32000732421875,264.3580627441406,0.0484402440488338,-0.0856767296791076,-1.8638091087341309,-0.078097216784954,-0.1323792487382888
226178.0,281.8999938964844,264.407470703125,0.0581267476081848,-0.0863165333867073,-1.6041098833084106,-0.0794758051633834,-0.1130704954266548
226178.0,282.4800109863281,264.407470703125,0.0847041830420494,-0.0863165333867073,-1.643723726272583,-0.0712278485298156,-0.1283052563667297
226179.0,283.0599975585937,264.3175964355469,0.0582660771906375,-0.0856176614761352,-1.2425367832183838,0.0019595855847001,-0.0630317628383636
226179.0,283.6400146484375,264.3175964355469,0.0406433455646038,-0.0856176614761352,-1.478908658027649,0.0187440980225801,0.1438968479633331
226180.0,284.2200012207031,263.6876525878906,0.06123648583889,-0.0869475528597831,-1.134272217750549,-0.014334755949676,0.1253919005393982
226181.0,284.79998779296875,263.6390380859375,0.0603411309421062,-0.0847576782107353,-1.643723726272583,-0.0107210502028465,0.1292876005172729
226181.0,285.3800048828125,263.6390380859375,0.0566010326147079,-0.0847576782107353,-0.8020532727241516,-0.0112258121371269,0.1291927248239517
226182.0,285.9599914550781,263.9146728515625,0.0596971027553081,-0.0818238332867622,-0.8020532727241516,-0.0072225369513034,0.131850779056549
226182.0,286.5400085449219,263.9146728515625,0.072135716676712,-0.0818238332867622,-0.5072625279426575,-0.0046480917371809,0.1310636401176452
226183.0,287.1199951171875,264.2040100097656,0.0653829202055931,-0.0808181315660476,-1.0760653018951416,-0.0040219854563474,0.13369981944561
226183.0,287.70001220703125,264.2040100097656,0.0602154657244682,-0.0808181315660476,-0.9490006566047668,-0.0044975387863814,0.1340294629335403
226184.0,288.2799987792969,264.5008850097656,0.0752267837524414,-0.0810037553310394,-2.0915074348449707,-0.0026265606284141,0.1355378329753875
226185.0,288.8599853515625,264.6965637207031,0.0707219988107681,-0.0813502594828605,-0.5072625279426575,-0.0001518270728411,0.1359553933143615
226185.0,289.44000244140625,264.6965637207031,0.0577493160963058,-0.0813502594828605,-0.8020532727241516,-0.0030808283481746,0.135622963309288
